"rows_cols/45",298667,0.00238642,0.00235421,ms,,,,,
"cols_rows/45",298667,0.00239602,0.00240653,ms,,,,,
"rows_cols/170",19478,0.0347564,0.034494,ms,,,,,
"cols_rows/170",20364,0.0351501,0.0352951,ms,,,,,
"rows_cols/900",640,1.04002,1.02539,ms,,,,,
"cols_rows/900",448,1.642,1.63923,ms,,,,,


"ijk/45",8960,0.0744929,0.0732422,ms,,,,,
"jik/45",8960,0.0781944,0.0784738,ms,,,,,
"jki/45",8960,0.0759697,0.0767299,ms,,,,,
"kji/45",8960,0.0743034,0.0732422,ms,,,,,
"kij/45",16000,0.0441336,0.0439453,ms,,,,,
"ikj/45",10000,0.0502402,0.05,ms,,,,,
"ijk/170",112,5.79041,5.71987,ms,,,,,
"jik/170",112,5.90234,5.85938,ms,,,,,
"jki/170",100,6.68241,6.71875,ms,,,,,
"kji/170",100,5.6626,5.78125,ms,,,,,
"kij/170",204,3.13042,3.06373,ms,,,,,
"ikj/170",224,2.76581,2.72042,ms,,,,,


"with_dependence/2000",407273,0.00173852,0.00172642,ms,,,,,
"without_dependence/2000",373333,0.00187771,0.00188337,ms,,,,,
"with_dependence/30000",23579,0.0327726,0.0324706,ms,,,,,
"without_dependence/30000",23579,0.0337489,0.033796,ms,,,,,
"with_dependence/800000",280,2.99042,2.95759,ms,,,,,
"without_dependence/800000",345,2.6093,2.62681,ms,,,,,


"array_sum_benchmark/2000",298667,0.00237106,0.00235421,ms,,,,,
"array_sum_unrolled_2_benchmark/2000",640000,0.00117219,0.00117187,ms,,,,,
"array_sum_unrolled_4_benchmark/2000",1120000,0.00059557,0.000599888,ms,,,,,
"array_sum_benchmark/30000",19478,0.0390543,0.038505,ms,,,,,
"array_sum_unrolled_2_benchmark/30000",34462,0.0184198,0.0181359,ms,,,,,
"array_sum_unrolled_4_benchmark/30000",74667,0.00915138,0.00920755,ms,,,,,
"array_sum_benchmark/800000",747,1.0723,1.06677,ms,,,,,
"array_sum_unrolled_2_benchmark/800000",1120,0.535022,0.530134,ms,,,,,
"array_sum_unrolled_4_benchmark/800000",1723,0.426264,0.426219,ms,,,,,


"cache_associativity_limit_benchmark/30",44800,0.0157002,0.0156948,ms,,,,,
"cache_associativity_limit_benchmark/32",34462,0.0221562,0.0222165,ms,,,,,
"cache_associativity_limit_benchmark/60",37333,0.0175927,0.0175783,ms,,,,,
"cache_associativity_limit_benchmark/64",17920,0.0381493,0.037493,ms,,,,,
"cache_associativity_limit_benchmark/120",37333,0.0203197,0.020508,ms,,,,,
"cache_associativity_limit_benchmark/128",8960,0.0895607,0.0871931,ms,,,,,
"cache_associativity_limit_benchmark/250",29867,0.0237363,0.0235419,ms,,,,,
"cache_associativity_limit_benchmark/256",6400,0.117186,0.117188,ms,,,,,
"cache_associativity_limit_benchmark/510",15448,0.0437389,0.0445041,ms,,,,,
"cache_associativity_limit_benchmark/512",7467,0.103638,0.102534,ms,,,,,


"sequential_benchmark/1",56000,0.0121704,0.0119978,ms,,,,,
"pattern_benchmark/1",56000,0.0125783,0.0125558,ms,,,,,
"strided_benchmark/2",56000,0.0124127,0.0122768,ms,,,,,
"strided_benchmark/32",34462,0.021451,0.0213097,ms,,,,,
"strided_benchmark/1024",7467,0.126843,0.125552,ms,,,,,
"random_benchmark/1",4480,0.167598,0.167411,ms,,,,,



"together_benchmark/2000",263529,0.00239914,0.00237166,ms,,,,,
"separated_benchmark/2000",344615,0.00202958,0.00199498,ms,,,,,
"together_benchmark/30000",11200,0.0602314,0.0599888,ms,,,,,
"separated_benchmark/30000",19478,0.036183,0.0360984,ms,,,,,
"together_benchmark/800000",112,7.40696,7.39397,ms,,,,,
"separated_benchmark/800000",224,2.93524,2.92969,ms,,,,,


"aos_benchmark/2000",280000,0.00235518,0.00239955,ms,,,,,
"soa_benchmark/2000",896000,0.000920781,0.000924247,ms,,,,,
"aos_benchmark/30000",10000,0.0580994,0.0578125,ms,,,,,
"soa_benchmark/30000",37333,0.0181048,0.0179968,ms,,,,,
"aos_benchmark/800000",112,6.16734,6.13839,ms,,,,,
"soa_benchmark/800000",448,1.74344,1.74386,ms,,,,,


"array_sum_benchmark/2000",298667,0.00236693,0.00235421,ms,,,,,
"array_sum_simd_benchmark/2000",560000,0.00124929,0.00125558,ms,,,,,
"array_sum_benchmark/30000",20364,0.0384959,0.0383643,ms,,,,,
"array_sum_simd_benchmark/30000",40727,0.0182965,0.0184153,ms,,,,,
"array_sum_benchmark/800000",747,1.03573,1.02493,ms,,,,,
"array_sum_simd_benchmark/800000",1000,0.533066,0.53125,ms,,,,,


"data_benchmark/2000",448000,0.00132099,0.00129046,ms,,,,,
"data_ordered_benchmark/2000",497778,0.00122131,0.00122419,ms,,,,,
"data_benchmark/30000",23579,0.0297294,0.02982,ms,,,,,
"data_ordered_benchmark/30000",34462,0.0197597,0.0194961,ms,,,,,
"data_benchmark/800000",249,2.86052,2.8238,ms,,,,,
"data_ordered_benchmark/800000",498,1.30533,1.31777,ms,,,,,


"never_benchmark/2000",640000,0.00109675,0.00109863,ms,,,,,
"always_benchmark/2000",497778,0.00137987,0.00138114,ms,,,,,
"not_so_predictable_benchmark/2000",640000,0.00117153,0.00117187,ms,,,,,
"never_benchmark/30000",40727,0.0162181,0.0157297,ms,,,,,
"always_benchmark/30000",32000,0.020576,0.0205078,ms,,,,,
"not_so_predictable_benchmark/30000",7467,0.104737,0.104627,ms,,,,,
"never_benchmark/800000",1000,0.495667,0.5,ms,,,,,
"always_benchmark/800000",1120,0.727234,0.739397,ms,,,,,
"not_so_predictable_benchmark/800000",187,3.66993,3.67647,ms,,,,,


"true_sharing_benchmark/1048576",5,137.905,140.625,ms,,,,,
"false_sharing_benchmark/1048576",112,4.76143,4.7433,ms,,,,,
"false_sharing_fix_benchmark/1048576",407,1.72078,1.68919,ms,,,,,


"write_read_benchmark/1048576",747,0.883918,0.878514,ms,,,,,
"write_read_aliased_benchmark/1048576",100,5.36658,5.46875,ms,,,,,